Workbook

Sheet Instructions
A1: Physical Inventory / Cycle Count Sheet
A3: What this is for
A4: Store and warehouse staff use this sheet to record what's actually on the
A5: shelf during a periodic stock count, and compare it to what the system
A6: (SAP) thinks is there. Differences ('variances') get investigated and then
A7: posted as an inventory adjustment.
A9: How to use it
A10: 1. Go to the 'Count Sheet' tab.
A11: 2. For each material_id / plant combination being counted, fill in the
A12: yellow 'Physical Count' column with what you actually counted.
A13: 3. The 'System Stock' column is pulled from the last known system
A14: balance (fill in manually here, or paste from an export) -- it is NOT
... A23: which would quietly distort every inventory metric in this project.

Sheet Lookups
A1: Plant | B1: ReasonCode
A2: FR10 | B2: Miscount (recount confirmed)
A3: FR90 | B3: Damaged / written off
A4: UK10 | B4: Theft / shrinkage suspected
A5: DE10 | B5: Not yet posted in system
A6: US10 | B6: Found misplaced stock
A7: US20 | B7: Other (see notes)
A8: AE10
A9: MA10

Sheet Count Sheet
A1: count_date | B1: plant | C1: material_id | D1: material_description | E1: system_stock | F1: physical_count | G1: variance | H1: variance_pct | I1: reason_code | J1: notes
A2: 2025-07-01 | B2: FR10 | C2: P416725 | D2: The Revitalizing Hydrating Serum | E2: 42 | F2: 40 | G2: =F2-E2 -> -2 | H2: =IF(E2=0,"",G2/E2) -> -0.047619048 | I2: Miscount (recount confirmed)
A3: 2025-07-01 | B3: FR10 | C3: P76000 | D3: Pure Poison | E3: 18 | F3: 18 | G3: =F3-E3 -> 0 | H3: =IF(E3=0,"",G3/E3) -> 0
A4: 2025-07-01 | B4: US10 | C4: P162554 | D4: Almond Smoothing Oil | E4: 25 | F4: 19 | G4: =F4-E4 -> -6 | H4: =IF(E4=0,"",G4/E4) -> -0.24 | I4: Theft / shrinkage suspected | J4: Flagged to loss prevention
G5: =F5-E5 -> 0 | H5: =IF(E5=0,"",G5/E5)
G6: =F6-E6 -> 0 | H6: =IF(E6=0,"",G6/E6)
G7: =F7-E7 -> 0 | H7: =IF(E7=0,"",G7/E7)
G8: =F8-E8 -> 0 | H8: =IF(E8=0,"",G8/E8)
G9: =F9-E9 -> 0 | H9: =IF(E9=0,"",G9/E9)
G10: =F10-E10 -> 0 | H10: =IF(E10=0,"",G10/E10)
G11: =F11-E11 -> 0 | H11: =IF(E11=0,"",G11/E11)
G12: =F12-E12 -> 0 | H12: =IF(E12=0,"",G12/E12)
G13: =F13-E13 -> 0 | H13: =IF(E13=0,"",G13/E13)
G14: =F14-E14 -> 0 | H14: =IF(E14=0,"",G14/E14)
G15: =F15-E15 -> 0 | H15: =IF(E15=0,"",G15/E15)
G16: =F16-E16 -> 0 | H16: =IF(E16=0,"",G16/E16)
... G200: =F200-E200 -> 0 | H200: =IF(E200=0,"",G200/E200)

Sheet Summary
A1: Cycle Count Summary
A3: Total lines counted | B3: =COUNTA('Count Sheet'!C2:C200) -> 3
A4: Lines with a variance flagged (>5%) | B4: =COUNTIF('Count Sheet'!H2:H200,">0.05")+COUNTIF('Count Sheet'!H2:H200,"<-0.05") -> 1
A5: Total system stock (counted lines) | B5: =SUM('Count Sheet'!E2:E200) -> 85
A6: Total physical count | B6: =SUM('Count Sheet'!F2:F200) -> 77
A7: Net variance (units) | B7: =SUM('Count Sheet'!G2:G200) -> -8
